comments,localized_comment,hinglish,host_name,city,area,sentiment,is_mixed_sentiment,source,original_length,original_word_count,hinglish_word_count,hinglish_length
Host was polite but communication was slow. Room was clean enough.,Host was polite but communication was slow. Room was clean enough.,"Karol Bagh mein stay theek tha, host Riya polite thi lekin communication slow thi, kuch khaas nahi.",Riya,Delhi,Karol Bagh,neutral,True,synthetic,66,11,17,99
"Daniel was very accomodating and friendly. It was a little pricey for what it was. The bed was smaller than a dormitory bed, and as a college student, I would know. The neighborhood seemed relatively safe but I did get hassled a few times outside of the apartment. Overall, I was impressed but I probably would stay closer to the city center in the future.","Rohan was very accomodating and friendly. It was a little pricey for what it was. The bed was smaller than a dormitory bed, and as a college student, I would know. The neighborhood seemed relatively safe but I did get hassled a few times outside of the apartment. Overall, I was impressed but I probably would stay closer to the city center in the future.","""Baner mein Rohan ka stay ekdum acha experience tha, yaar 🙌, budget ke hisaab se thoda pricey, lekin sahi hai, colony ke andar safe lagta hai 👍""",Rohan,Pune,Baner,positive,False,real,356,65,27,144
Noisy neighbors all night. Could not sleep at all.,Noisy neighbors all night. Could not sleep at all.,"Mansarovar mein stay bekar tha, noisy neighbors ki wajah se raat bhar nahi so saka, waste of money tha.",Vikram,Jaipur,Mansarovar,negative,False,synthetic,50,9,19,103
"Daniel's apartment and room was spotless. Daniel was very friendly throughout our correspondence and was even waiting for me outside his place when I arrived (late). The apartment is very convenient to the center of the city, and an easy walk to the transportation stops. Daniel is well prepared for any guest, providing me with maps and bus schedules. I would not hesitate to stay here again. Daniel is wonderful host.","Isha's apartment and room was spotless. Isha was very friendly throughout our correspondence and was even waiting for me outside his place when I arrived (late). The apartment is very convenient to the center of the city, and an easy walk to the transportation stops. Isha is well prepared for any guest, providing me with maps and bus schedules. I would not hesitate to stay here again. Isha is wonderful host.","HSR Layout mein Isha ka apartment ekdum sahi tha, metro ke paas colony ke andar, yaar, but parking nahi thi 🚗😐",Isha,Bangalore,HSR Layout,positive,True,real,419,71,21,110
"Daniel has been more then a great host: it was like having an home in Amsterdam!<br/>If friendliness and kindness were not enough, the house was super clean and he provided all the things needed for our staying: maps, timetables, suggestions and tips, even bicycles! The location is easy to get to and from the station and the city center, 24h/24h connection, with a relaxing and serviced neighborhood. And don't worry, he speaks 5 languages if you mind having communication problems. Hope to find other guest like him in the future!","Siddharth has been more then a great host: it was like having an home in Jaipur!<br/>If friendliness and kindness were not enough, the house was super clean and he provided all the things needed for our staying: maps, timetables, suggestions and tips, even bicycles! The location is easy to get to and from the station and the city center, 24h/24h connection, with a relaxing and serviced neighborhood. And don't worry, he speaks 5 languages if you mind having communication problems. Hope to find other guest like him in the future!","Mansarovar mein Siddharth ka hostel stay ekdum mast experience tha, bhai 🤩. Metro ke paas aur colony ke andar, budget ke hisaab se sahi hai.",Siddharth,Jaipur,Mansarovar,positive,False,real,534,91,25,140
Derk Lottman is an absolute gentleman. he was there when we arrived and introduce us to the boat which is charming and full of character. An absolute delight to stay there. The canal is quiet and charming as is the location. Loved Amsterdam. You must try the Bar moustache. We will be back  ,Arjun Lottman is an absolute gentleman. he was there when we arrived and introduce us to the boat which is charming and full of character. An absolute delight to stay there. The canal is quiet and charming as is the location. Loved Mumbai. You must try the Bar moustache. We will be back  ,"Arjun ka host mast tha, yaar 🙌. Colaba mein, metro ke paas, budget ke hisaab se ekdum sahi hai 😊.",Arjun,Mumbai,Colaba,positive,False,real,291,53,20,97
"We had such a lovely warm and comfortable stay on Derk’s houseboat. The boat is in a great location; it is very close to some main streets and sights in Amsterdam but is on a quiet residential street. We visited all the attractions whilst in Amsterdam and we were able to walk to each one. There are restaurants, cafes, bakeries all close by. The boat is centrally heated so even though it was freezing outside it was lovely and warm inside. The boat as a whole is much more spacious that it appears in the photos and he bed is very comfortable too!! Ill be recommending Derk’s houseboat to anyone I know going to Amsterdam. We will definitely be back to stay!! :)","We had such a lovely warm and comfortable stay on Pooja’s Mumbai. The boat is in a great location; it is very close to some main streets and sights in Mumbai but is on a quiet residential street. We visited all the attractions whilst in Mumbai and we were able to walk to each one. There are restaurants, cafes, bakeries all close by. The boat is centrally heated so even though it was freezing outside it was lovely and warm inside. The boat as a whole is much more spacious that it appears in the photos and he bed is very comfortable too!! Ill be recommending Pooja’s Mumbai to anyone I know going to Mumbai. We will definitely be back to stay!! :)","Andheri mein Pooja ka stay ekdum achha tha, metro ke paas aur colony ke andar, budget ke hisaab se bilkul sahi hai 😊.",Pooja,Mumbai,Andheri,positive,False,real,664,123,23,117
"Room was okay, nothing special but did the job for a short stay.","Room was okay, nothing special but did the job for a short stay.","Tonk Road mein Priya ka stay theek tha, kuch khaas nahi, bas theek theek chalega for a short stay. Okay okay experience, nothing special.",Priya,Jaipur,Tonk Road,neutral,True,synthetic,64,13,24,137
"Daniel was a great host! He made everything so easy for us! The room was super clean and well equipped, the beds were very comfortable! Daniel also gave us good advices,  tips and tools (maps, compass, umbrella..) for getting around the city. The place is located in the quiet neighbourhood so we are away from all the noises, but it is also very close to all the public transportations so getting into the city is fairly easy and fast. I highly recommend Daniele's place!<br/><br/>","Priya was a great host! He made everything so easy for us! The room was super clean and well equipped, the beds were very comfortable! Priya also gave us good advices,  tips and tools (maps, compass, umbrella..) for getting around the city. The place is located in the quiet neighbourhood so we are away from all the noises, but it is also very close to all the public transportations so getting into the city is fairly easy and fast. I highly recommend Daniele's place!<br/><br/>","Priya ka hospitality ekdum sahi hai, bhai 🙌. Baner mein, metro ke paas, colony ke andar, budget ke hisaab se mast room mila. wifi thoda slow tha 😐",Priya,Pune,Baner,positive,True,real,484,86,28,146
Daniel is really cool. The place was nice and clean. Very quiet neighborhood. He had maps and a lonely planet guide book in the room for you to use. I didnt have any trouble finding the place from Central Station. I would defintely come back! Thanks!,Vikram is really cool. The place was nice and clean. Very quiet neighborhood. He had maps and a lonely planet guide book in the room for you to use. I didnt have any trouble finding the place from Central Station. I would defintely come back! Thanks!,"Velachery mein Vikram ka hostel ekdum mast, bilkul thik, colony ke andar, metro ke paas, budget ke hisaab se sahi hai 🙌, wifi thoda slow tha 😐",Vikram,Chennai,Velachery,positive,True,real,250,46,27,142
"The Houseboat was very nice, and the location perfect, very close to the center of Amsterdam. The boat is warm, romantic, and full equiped. Derk was an excellent host, always contactable but left us to ourselves. It was a very beautiful experience!","The Mumbai was very nice, and the location perfect, very close to the center of Mumbai. The boat is warm, romantic, and full equiped. Sneha was an excellent host, always contactable but left us to ourselves. It was a very beautiful experience!","Colaba mein Sneha ki hotel ekdum mast, metro ke paas aur colony ke andar, bilkul thik hai, budget ke hisaab se sahi hai 😊",Sneha,Mumbai,Colaba,positive,False,real,248,42,24,121
"Daan is an excellent host and very helpfull - The houseboat is fantastic : clean, comfort, good location. I will recommand this location to all my friends. <br/>","Divya is an excellent host and very helpfull - The Pune is fantastic : clean, comfort, good location. I will recommand this location to all my friends. <br/>","Hinjewadi mein, metro ke paas, colony ke andar, sahi tha yaar, budget ke hisaab se ekdum mast, lekin bathroom chhota tha 😊",Divya,Pune,Hinjewadi,positive,True,real,162,28,22,122
Wifi was completely dead. Host gave no solution.,Wifi was completely dead. Host gave no solution.,"Aundh mein stay bekar tha, wifi completely dead tha, kharab experience mili, Aditya ka solution nahi tha, pure waste paisa.",Aditya,Pune,Aundh,negative,False,synthetic,48,8,20,123
"We loved our stay in Derk's barge. It was so very comfortable and warm, with plenty of room. Lovely hot shower. It was very handy to transport and we had no difficulty finding the local bakery for our croissants. Derk very kindly waited up til our midnight arrival so he could meet us and show us around, and also showed us the rest of the barge which still has its original features.  Would readily recommend Derk's barge and hope we can return some day. We are a retired couple from New Zealand and it was great to have something so different to what we can find in our country.","We loved our stay in Neha's barge. It was so very comfortable and warm, with plenty of room. Lovely hot shower. It was very handy to transport and we had no difficulty finding the local bakery for our croissants. Neha very kindly waited up til our midnight arrival so he could meet us and show us around, and also showed us the rest of the barge which still has its original features.  Would readily recommend Neha's barge and hope we can return some day. We are a retired couple from New Zealand and it was great to have something so different to what we can find in our country.","Viman Nagar mein Neha ke hotel mein stay karke mazaa aa gaya, yaar 🤩, metro ke paas aur colony ke andar, budget ke hisaab se ekdum sahi tha! 😊",Neha,Pune,Viman Nagar,positive,False,real,580,109,29,142
Nice host but the property needs renovation. Facilities are outdated.,Nice host but the property needs renovation. Facilities are outdated.,"Colaba mein stay theek tha, Kavya host ka behaviour accha tha lekin property ko renovation ki zarurat hai, facilities average hai, kuch khaas nahi.",Kavya,Mumbai,Colaba,neutral,True,synthetic,69,10,24,147
"My wife and I recently stopped in Amsterdam for a few days during our honeymoon. We didn't want to stay in the typical Amsterdam hotel and opted for something special - a traditional Dutch houseboat.  Needless to say staying on a boat was a special experience, but the boat was very clean, was on a quiet canal in a superb location in central Amsterdam, and had everything we needed for a memorable weekend.  The owner was good to make some worthwhile recommendations for us and was very flexible with the boat itself (he offered us his other boat in case we preferred that one), etc.  I will definitely try to book this houseboat again when I return to Amsterdam next.","My wife and I recently stopped in Mumbai for a few days during our honeymoon. We didn't want to stay in the typical Mumbai hotel and opted for something special - a traditional Mumbai Mumbai.  Needless to say staying on a boat was a special experience, but the boat was very clean, was on a quiet canal in a superb location in central Mumbai, and had everything we needed for a memorable weekend.  The owner was good to make some worthwhile recommendations for us and was very flexible with the boat itself (he offered us his other boat in case we preferred that one), etc.  I will definitely try to book this Mumbai again when I return to Mumbai next.","Andheri mein, metro ke paas, Divya ka yeh stay ekdum mast tha, mazaa aa gaya 🌟, budget ke hisaab se sahi hai, colony ke andar peaceful location 🙏.",Divya,Mumbai,Andheri,positive,False,real,669,120,28,146
Water pressure was terrible. Hot water not working.,Water pressure was terrible. Hot water not working.,"Koramangala mein Arjun ka yeh hotel stay bakwaas tha, water pressure bekar tha aur hot water nahi chalega, total waste experience.",Arjun,Bangalore,Koramangala,negative,False,synthetic,51,8,21,130
Host was rude and asked us to leave early without refund.,Host was rude and asked us to leave early without refund.,"""Indiranagar mein Neha ka stay total bekar tha, rude host ne refund ke bina nikal diya.""",Neha,Bangalore,Indiranagar,negative,False,synthetic,57,11,16,88
"I lived in Amsterdam for three years and away wondered what it would be like to stay in a house boat - the experience was excellent and Derek is a great guy, very easygoing and flexible. Highly recommended.","I lived in Jaipur for three years and away wondered what it would be like to stay in a house boat - the experience was excellent and Derek is a great guy, very easygoing and flexible. Highly recommended.","Mansarovar mein Arjun ka hostel ekdum acha hai, metro ke paas colony ke andar, budget ke hisaab se bilkul sahi hai yaar 🙌",Arjun,Jaipur,Mansarovar,positive,False,real,206,38,23,121
"You can´t have a nicer start in Amsterdam. Daniel is such a great and welcoming host. The room was really light and charming, so well decorated. Daniel has a great sense of hospitality, he even helped with our luggage and gave us maps and a travelguide. He´s very open minded and helpful. We had a great time, we would stay with him again anytime we´re back in Amsterdam. Daniel made sure we had everything for a great trip, thanks again for the bikes! Hope to see you soon, Daniel!","You can´t have a nicer start in Delhi. Kavya is such a great and welcoming host. The room was really light and charming, so well decorated. Kavya has a great sense of hospitality, he even helped with our luggage and gave us maps and a travelguide. He´s very open minded and helpful. We had a great time, we would stay with him again anytime we´re back in Delhi. Kavya made sure we had everything for a great trip, thanks again for the bikes! Hope to see you soon, Kavya!","Connaught Place mein stay ekdum mast tha, Kavya ka hosting sahi tha 🙌, metro ke paas aur colony ke andar, budget ke hisaab se bilkul sahi hai! 😊",Kavya,Delhi,Connaught Place,positive,False,real,482,89,28,144
"Just a short note - my first experience with AirBnB was with Daniel and it was stellar.  Exactly as indicated and advertised, the service was exemplary.  As a person who does a lot of business travelling, I found Daniel to be an informed and professional host.  Much better service than harried business travellers normally recieve.  For example he answered many questions about the local transportation, the scene, and the best way to spend our time.  He also arranged for bikes which is undoubtedly the best way to see the city.  I highly recommend Daniel to anyone considering a trip to Amsterdam, the experience was completely positive.","Just a short note - my first experience with AirBnB was with Rohan and it was stellar.  Exactly as indicated and advertised, the service was exemplary.  As a person who does a lot of business travelling, I found Rohan to be an informed and professional host.  Much better service than harried business travellers normally recieve.  For example he answered many questions about the local transportation, the scene, and the best way to spend our time.  He also arranged for bikes which is undoubtedly the best way to see the city.  I highly recommend Rohan to anyone considering a trip to Delhi, the experience was completely positive.","""Rohan ka hostel Karol Bagh mein thik tha, metro se thodi door thi location"" 🙃",Rohan,Delhi,Karol Bagh,positive,True,real,640,106,15,78
Average stay. Would not stay again but no major complaints.,Average stay. Would not stay again but no major complaints.,"Mumbai ka stay was average, Colaba mein theek tha, chalega ek baar but kuch khaas nahi, okay okay experience tha.",Riya,Mumbai,Colaba,neutral,True,synthetic,59,10,20,113
"Staying in a boat in Amsterdam really improved my experience in the city! The boat is super well located, I barely had the need to use public transport. Nice and polite host. Highly recommended! ","Staying in a boat in Hyderabad really improved my experience in the city! The boat is super well located, I barely had the need to use public transport. Nice and polite host. Highly recommended! ","""Mast stay tha yaar, Jubilee Hills mein, metro ke paas, Rohan ka boat achha hai, budget ke hisaab se bilkul sahi hai 🚣""",Rohan,Hyderabad,Jubilee Hills,positive,False,real,195,34,23,119
"We spent three night's on Derk's houseboat and absolutely loved it. It was clean, fully equipped and the location was perfect, within walking distance of Rembrandtplein square in one direction and the Van Gogh Museum and  Rijksmuseum in another. The wifi worked perfectly and was surprisingly fast. Derk is a very interesting guy (a violinist with De Nederlandse Opera company) and dropped by twice to make sure we had everything we needed - which we did. It was a quintessential Amsterdam experience that we highly recommend.<br/>","We spent three night's on Sneha's Hyderabad and absolutely loved it. It was clean, fully equipped and the location was perfect, within walking distance of Rembrandtplein square in one direction and the Van Gogh Museum and  Hyderabad in another. The wifi worked perfectly and was surprisingly fast. Sneha is a very interesting guy (a violinist with De Nederlandse Opera company) and dropped by twice to make sure we had everything we needed - which we did. It was a quintessential Hyderabad experience that we highly recommend.<br/>","Yaar, Banjara Hills mein Sneha ka hotel ekdum mast hai, bilkul thik location, metro ke paas, sahi hai 👍",Sneha,Hyderabad,Banjara Hills,positive,False,real,532,87,19,103
Host was unresponsive. We waited 2 hours to check in.,Host was unresponsive. We waited 2 hours to check in.,"Mansarovar mein stay bekar tha, Sneha host se contact nahi ho paaya, 2 ghante wait kiya phir bhi kharab experience mila, waste hai yeh stay.",Sneha,Jaipur,Mansarovar,negative,False,synthetic,53,10,25,140
"Derk's boat was amazing.  It was clean and spacious for two people and had all necessary amenities (and more!) to comfortably stay for a few days.  The location was great, 15 minute walk to downtown and red light district, bike rentals right around the corner, 5 minutes to grocery store, yet still in a quiet neighborhood. <br/><br/>Derk was a great host as well.  He was there waiting for us when we arrived and made sure we could hook up to wifi and had all of his contact info in case we had to reach him.  He was a really friendly guy- even left us a couple beers in the fridge.  <br/><br/>We highly recommend staying here!<br/>","Rahul's boat was amazing.  It was clean and spacious for two people and had all necessary amenities (and more!) to comfortably stay for a few days.  The location was great, 15 minute walk to downtown and red light district, bike rentals right around the corner, 5 minutes to grocery store, yet still in a quiet neighborhood. <br/><br/>Rahul was a great host as well.  He was there waiting for us when we arrived and made sure we could hook up to wifi and had all of his contact info in case we had to reach him.  He was a really friendly guy- even left us a couple beers in the fridge.  <br/><br/>We highly recommend staying here!<br/>","Rahul ka stay Powai mein, metro ke paas, colony ke andar, bilkul thik tha yaar 🙌, budget ke hisaab se mast, lekin parking nahi thi 😐",Rahul,Mumbai,Powai,positive,True,real,638,118,26,132
"The boat is something special! It seems so authentic to live in the houseboat while staying in Amsterdam! There is a lot of space and it's so cosy. And there is everything one can need including hot water, wi-fi and TV) It's 5 min wals to Rembrandt place and 15 min walk to Red Quarter. And you can get to Amsterdam Centraal in 15 min by tram. Many thanks to Derk - everything was just fantastic!","The boat is something special! It seems so authentic to live in the Jaipur while staying in Jaipur! There is a lot of space and it's so cosy. And there is everything one can need including hot water, wi-fi and TV) It's 5 min wals to Rembrandt place and 15 min walk to Red Quarter. And you can get to Jaipur Centraal in 15 min by tram. Many thanks to Manish - everything was just fantastic!","Mansarovar mein stay thik tha, yaar 🙌. Metro ke paas aur colony ke andar, budget ke hisaab se sahi hai, par price thoda high laga 😊.",Manish,Jaipur,Mansarovar,positive,True,real,396,76,26,132
Host was helpful but the room was smaller than photos suggested.,Host was helpful but the room was smaller than photos suggested.,"Aditya ka hostel Kondapur mein theek tha, lekin room photos se chhota tha, kuch khaas nahi, average experience tha Hyderabad ka stay.",Aditya,Hyderabad,Kondapur,neutral,True,synthetic,64,11,22,133
Daniel is highly recommended.  He provided all necessities (and actually went way beyond what's expected of a great host). His place is very clean.  It is also convenient to buses and trams which will take you around the city in minutes.  You will truly feel like a local here.,Swati is highly recommended.  He provided all necessities (and actually went way beyond what's expected of a great host). His place is very clean.  It is also convenient to buses and trams which will take you around the city in minutes.  You will truly feel like a local here.,"Swati ekdum mast host hai, C-Scheme mein uska place bilkul sahi tha, metro ke paas colony ke andar, mazaa aa gaya yaar 🙌",Swati,Jaipur,C-Scheme,positive,False,real,277,49,23,120
Cockroaches in the bathroom. Disgusting experience.,Cockroaches in the bathroom. Disgusting experience.,"Mylapore mein stay bekar tha, bathroom mein cockroaches the, bilkul bakwaas experience. Chennai ka stay kharab kar diya.",Priya,Chennai,Mylapore,negative,False,synthetic,51,6,18,120
"Daniele is an amazing host! He provided everything that was needed to make our stay comfortable and easy! The rooms were clean and cozy; and he took the time to show us how to get around Amsterdam via public transportation or riding around on bicycles. You truly do feel like a local when staying with Daniele!!<br/>","Daniele is an amazing host! He provided everything that was needed to make our stay comfortable and easy! The rooms were clean and cozy; and he took the time to show us how to get around Jaipur via public transportation or riding around on bicycles. You truly do feel like a local when staying with Daniele!!<br/>","Riya ekdum amazing host thi, Tonk Road mein metro ke paas colony ke andar, sahi tha, budget ke hisaab se mast stay tha 🙌",Riya,Jaipur,Tonk Road,positive,False,real,317,57,24,120
"No amount of praise for Daniel would be corny or excessive.  His place was comfortable and wonderful, and he is an incredibly friendly and accommodating host.  I felt cleaner, safer, and happier than at any hotel.  A friend and I stayed here, and we loved having the twin beds in the same room.  The shower was luxurious and clean, and Daniel provided us with maps, restaurant recommendations, bikes, and tea service!  I just asked my travel companion ""What else can I say about Daniel's place?"" and he was like, ""OH MAN!  It's one thing to expect breakfast from a B&B, and it's quite another to be chez Daniel.  His command of the nuances of hosting are unmatched.""","No amount of praise for Ankit would be corny or excessive.  His place was comfortable and wonderful, and he is an incredibly friendly and accommodating host.  I felt cleaner, safer, and happier than at any hotel.  A friend and I stayed here, and we loved having the twin beds in the same room.  The shower was luxurious and clean, and Ankit provided us with maps, restaurant recommendations, bikes, and tea service!  I just asked my travel companion ""What else can I say about Ankit's place?"" and he was like, ""OH MAN!  It's one thing to expect breakfast from a B&B, and it's quite another to be chez Ankit.  His command of the nuances of hosting are unmatched.""","Ankit ka place HSR Layout mein, metro ke paas, colony ke andar, budget ke hisaab se ekdum sahi hai, yaar 🙌.",Ankit,Bangalore,HSR Layout,positive,False,real,666,117,21,107
"It was okay for the price. Not great, not terrible.","It was okay for the price. Not great, not terrible.","Malviya Nagar mein Rahul ka hostel theek tha, Jaipur ka stay average tha, chalega ek baar, lekin kuch khaas nahi. Okay okay experience mila.",Rahul,Jaipur,Malviya Nagar,neutral,True,synthetic,51,10,24,140
"For a first experience with airbnb, we're fully satisfied. We had a great time in Amsterdam on Derk's houseboat. Everything was as expected. just one little ""minus"": <br/>The heat was off (of course, we're in May!!) but with this year's cold spring, it was a bit chilly during the night. Thanks to the extra blanket ! <br/>We haven't got the chance to meet Derk, but his neighbor was waiting for us with the keys, so everything went well. <br/>We certainly would recommand that place, and if we come back to Amsterdam, we'll certainly rent it again. Rosane and Romain/Nyon,Switzerland","For a first experience with airbnb, we're fully satisfied. We had a great time in Delhi on Aarav's Delhi. Everything was as expected. just one little ""minus"": <br/>The heat was off (of course, we're in May!!) but with this year's cold spring, it was a bit chilly during the night. Thanks to the extra blanket ! <br/>We haven't got the chance to meet Aarav, but his neighbor was waiting for us with the keys, so everything went well. <br/>We certainly would recommand that place, and if we come back to Delhi, we'll certainly rent it again. Rosane and Romain/Nyon,Switzerland","Saket mein Aarav ka place ekdum mast, overall acha experience 🙌. Colony ke andar, metro ke paas, budget ke hisaab se sahi hai yaar 🚂.",Aarav,Delhi,Saket,positive,False,real,587,99,25,133
"Room was as described, nothing more. Decent value for money.","Room was as described, nothing more. Decent value for money.","Tonk Road mein stay kuch khaas nahi tha, room description ke hisab se theek tha, average laga, chalega. Jaipur ka stay okay okay tha.",Priya,Jaipur,Tonk Road,neutral,True,synthetic,60,10,24,133
"Nous avons pass 5 jours parfait chez Derk! Le quartier est super sympa, très calme et très central. Tout est à proximité directe,louer des vélos permet de se the placer facilement et de découvrir la ville autrement ! Notre séjour sur la péniche a été très sympa. C'est trés mignon, bien equipé, avec une vue magnifique sur le rijksmuseum, sur un petit bout de canal calme et ensoleillé.Derk a été adorable! Nous avons adoré cette expérience et nous recommandons vivement!","Nous avons pass 5 jours parfait chez Arjun! Le quartier est super sympa, très calme et très central. Tout est à proximité directe,louer des vélos permet de se the placer facilement et de découvrir la ville autrement ! Notre séjour sur la péniche a été très sympa. C'est trés mignon, bien equipé, avec une vue magnifique sur le Pune, sur un petit bout de canal calme et ensoleillé.Arjun a été adorable! Nous avons adoré cette expérience et nous recommandons vivement!","Aundh mein Arjun ke ghar mein stay kiya, ekdum mast experience tha 🌟. Colony ke andar, metro ke paas, budget ke hisaab se bilkul thik hai. Lekin, bathroom chhota tha 😐",Arjun,Pune,Aundh,positive,True,real,471,80,31,167
Location was unsafe at night. Would not recommend to anyone.,Location was unsafe at night. Would not recommend to anyone.,"""T. Nagar mein stay karna bekar tha, location raat ko ganda aur unsafe tha, waste of money tha, nahi chalega Chennai ka stay.""",Priya,Chennai,T. Nagar,negative,False,synthetic,60,10,23,126
Room was dirty and the bathroom smelled bad. Staff was rude and unhelpful.,Room was dirty and the bathroom smelled bad. Staff was rude and unhelpful.,"Anna Nagar mein Isha ka stay bekar tha, room ganda tha aur staff bhi rude tha, total waste experience nahi chalega.",Isha,Chennai,Anna Nagar,negative,False,synthetic,74,13,21,115
"Highly recommended! We had a very comfortable 3 night stay at this house boat. Fantastic atmosphere, and the location is excellent!","Highly recommended! We had a very comfortable 3 night stay at this house boat. Fantastic atmosphere, and the location is excellent!","Viman Nagar mein, Karan ka hostel thik tha, metro ke paas, colony ke andar, budget ke hisaab se ekdum sahi hai 🙌, lekin parking nahi thi 😐",Karan,Pune,Viman Nagar,positive,True,real,131,21,27,138
"This is a great place to stay in the heart of Amsterdam. It's a hop, skip and a jump from everything and anything you might want to do.  You get a true houseboat experience - a must from anyone visiting the city.<br/><br/>Derk was a gracious host, very friendly and open for any questions we might have had.<br/><br/>It was a joy to be there.","This is a great place to stay in the heart of Bangalore. It's a hop, skip and a jump from everything and anything you might want to do.  You get a true Bangalore experience - a must from anyone visiting the city.<br/><br/>Kavya was a gracious host, very friendly and open for any questions we might have had.<br/><br/>It was a joy to be there.","HSR Layout mein mast stay tha, yaar 🤩. Kavya ekdum achha host hai, bilkul friendly! 💯",Kavya,Bangalore,HSR Layout,positive,False,real,346,67,16,85
"When you reach at Dainel place, be sure that all things are ready to greet you. May it be meticulously made room or spick & span bathroom or well-thought-of information on ""Things To Do"" along with relevant maps & transportation schedule to explore the city to the fullest. Nothing misses out from Daniel's radar.<br/>His pleasing personality with great asthetic sense is just an icing on the cake.We would definately stay with him again.Thanks again for making us feel at home.","When you reach at Dainel place, be sure that all things are ready to greet you. May it be meticulously made room or spick & span bathroom or well-thought-of information on ""Things To Do"" along with relevant maps & transportation schedule to explore the city to the fullest. Nothing misses out from Meera's radar.<br/>His pleasing personality with great asthetic sense is just an icing on the cake.We would definately stay with him again.Thanks again for making us feel at home.","Mera experience Hauz Khas mein Meera ke place par ekdum mast tha, yaar 🌟. Colony ke andar, metro ke paas, budget ke hisaab se sahi hai 🙌. Overall acha experience tha, bilkul! 🙏",Meera,Delhi,Hauz Khas,positive,False,real,479,81,33,176
"Great place to stay and discover the city. Especially our little ones enjoyed the special atmosphere on the boat. Derk and his wife  gave us a really warm welcome and were very flexible with regards to our requests / check-in, check-out time. Thank you. ","Great place to stay and discover the city. Especially our little ones enjoyed the special atmosphere on the boat. Meera and his wife  gave us a really warm welcome and were very flexible with regards to our requests / check-in, check-out time. Thank you. ","Hinjewadi mein stay karna ekdam mast tha, yaar 🌟. Meera ki hospitality thik tha, aur colony ke andar location bhi sahi hai. Budget ke hisaab se bhi bilkul perfect tha 😊",Meera,Pune,Hinjewadi,positive,False,real,254,44,31,168
"We had such a great time in Amsterdam. Daniel is an excellent host! Very friendly and everytime helpful. The room was cozy, comfortable, and VERY clean. Maps, towels, mini-fridge, coffee (very tasty) and tea supplies were provided. Bathroom with all the bathroom requires. Good location - next to the tram stop and it took just around 10-15 minutes to get to the city center.<br/>Totally recommendable! ","We had such a great time in Bangalore. Aarav is an excellent host! Very friendly and everytime helpful. The room was cozy, comfortable, and VERY clean. Maps, towels, mini-fridge, coffee (very tasty) and tea supplies were provided. Bathroom with all the bathroom requires. Good location - next to the tram stop and it took just around 10-15 minutes to get to the city center.<br/>Totally recommendable! ","""HSR Layout mein stay ekdum mast tha, yaar 🙌. Aarav ka hosting achha, bilkul helpful! 😊""",Aarav,Bangalore,HSR Layout,positive,False,real,404,66,16,88
Location was perfect but the room needed better cleaning.,Location was perfect but the room needed better cleaning.,"Banjara Hills mein location perfect thi, lekin room ki cleaning theek tha, kuch khaas nahi, average experience. Ankit ka host bhi okay okay tha.",Ankit,Hyderabad,Banjara Hills,neutral,True,synthetic,57,9,24,144
"Staying on the houseboat was one of the highlights of an already wonderful trip. It was spacious, clean and such a lovely experience. The boat is in a very central location, restaurants, shops, cafes and the tram are all very close by. Derk was a wonderful host. We'd love to stay here again on our next trip!","Staying on the Hyderabad was one of the highlights of an already wonderful trip. It was spacious, clean and such a lovely experience. The boat is in a very central location, restaurants, shops, cafes and the tram are all very close by. Kavya was a wonderful host. We'd love to stay here again on our next trip!","Gachibowli mein Kavya ka hostel sahi tha yaar, colony ke andar metro ke paas, ekdum mast experience 😊",Kavya,Hyderabad,Gachibowli,positive,False,real,309,57,18,101
"First rate all around. The houseboat is cosy, comfortable and has everything you need for a stay. The restaurants and bars in the nearby UtrechtStraat are superb. Location wise this is perfect for Amsterdam - you can walk anywhere you want and yet it is a quiet residential area. Highly recommend it.","First rate all around. The Hyderabad is cosy, comfortable and has everything you need for a stay. The restaurants and bars in the nearby Hyderabad are superb. Location wise this is perfect for Hyderabad - you can walk anywhere you want and yet it is a quiet residential area. Highly recommend it.","Kondapur mein Priya ki hotel ekdum sahi hai, yaar 🙌, metro ke paas aur colony ke andar, budget ke hisaab se mast! 😊",Priya,Hyderabad,Kondapur,positive,False,real,300,52,23,115
Location was decent but the amenities were average at best.,Location was decent but the amenities were average at best.,"Aundh mein location theek tha, lekin amenities average laga, Pune ka stay chalega, kuch khaas nahi. Okay okay experience tha.",Rahul,Pune,Aundh,neutral,True,synthetic,59,10,20,125
"The houseboat is located in a quiet,safe, & nice canal. Easy walks to everything you need. I would stay here again if I make it back to Amsterdam. ","The Jaipur is located in a quiet,safe, & nice canal. Easy walks to everything you need. I would stay here again if I make it back to Jaipur. ","Vaishali Nagar mein, colony ke andar, metro ke paas, overall acha experience tha yaar, budget ke hisaab se sahi hai, ekdum mast, wifi thoda slow tha 🤔",Rahul,Jaipur,Vaishali Nagar,positive,True,real,147,28,27,150
"What a beautiful place to stay!  Really, do stay here if you possibly can - it is a wonderful, spacious boat - plenty of room for two or three people - and on a beautiful canal - a perfect base for exploring Amsterdam. Easy to get to from the center of the city, and a pleasant walk away from the big museums. Derk was very friendly and helpful, even when our flight got in early - a wonderful host! ","What a beautiful place to stay!  Really, do stay here if you possibly can - it is a wonderful, spacious boat - plenty of room for two or three people - and on a beautiful canal - a perfect base for exploring Pune. Easy to get to from the center of the city, and a pleasant walk away from the big museums. Neha was very friendly and helpful, even when our flight got in early - a wonderful host! ","Kothrud mein Neha ki place mast tha, yaar 🤩. Metro ke paas, colony ke andar, budget ke hisaab se sahi hai, ekdum perfect stay! 🙌",Neha,Pune,Kothrud,positive,False,real,400,79,25,128
"Das Boot ist super!<br/>Es liegt in einer sehr ruhigen Gracht, genau das richtig um sich auszuruhen und trotzdem so zentral, dass du alles leicht zu Fuß erreichen kannst ( 15 min gehen und du bist im Nachtleben von Amsterdam, 30 min gehen und du bist am Bahnhof, 5 min Frühstück, 10 min Supermarkt) Es ist zweckmäßig eingerichtet. Es ist alles vorhanden, was du braucht, auch wenn du dich selbst verpflegst. <br/>Derk ist ein sehr netter, freundlicher und hilfsbereiter Vermieter","Das Boot ist super!<br/>Es liegt in einer sehr ruhigen Gracht, genau das richtig um sich auszuruhen und trotzdem so zentral, dass du alles leicht zu Fuß erreichen kannst ( 15 min gehen und du bist im Nachtleben von Bangalore, 30 min gehen und du bist am Bahnhof, 5 min Frühstück, 10 min Supermarkt) Es ist zweckmäßig eingerichtet. Es ist alles vorhanden, was du braucht, auch wenn du dich selbst verpflegst. <br/>Divya ist ein sehr netter, freundlicher und hilfsbereiter Vermieter","Indiranagar mein, Divya ki place ekdum mast hai, bilkul thik, metro ke paas, colony ke andar, budget ke hisaab se sahi hai 🙌",Divya,Bangalore,Indiranagar,positive,False,real,481,80,23,124
"We had the best time in Amsterdam, and Derks houseboat was a great part of that!<br/>Good location in a quiet place, warm and cosy houseboat, and a nice and helpful host:)<br/><br/>We already miss it!","We had the best time in Hyderabad, and Derks Hyderabad was a great part of that!<br/>Good location in a quiet place, warm and cosy Hyderabad, and a nice and helpful host:)<br/><br/>We already miss it!","Kondapur mein, Vikram bhai ka Derks Hyderabad ekdum mast experience tha, colony ke andar, metro ke paas, budget ke hisaab se bilkul sahi hai 🙌",Vikram,Hyderabad,Kondapur,positive,False,real,203,37,25,142
"Daniel is the most amazing host! His place is extremely clean, and he provides everything you could possibly want (comfy bed, guidebooks & maps, mini-fridge, towels, even toiletries). He is extremely friendly and helpful, and will go out of his way to help you if needed, or just let you come and go as you please. Highly recommended!","Manish is the most amazing host! His place is extremely clean, and he provides everything you could possibly want (comfy bed, guidebooks & maps, mini-fridge, towels, even toiletries). He is extremely friendly and helpful, and will go out of his way to help you if needed, or just let you come and go as you please. Highly recommended!","Bhai, Manish ka hostel Powai mein metro ke paas colony ke andar ekdam sahi hai, budget ke hisaab se mast, aur sab kuch milta hai yaar 🙌",Manish,Mumbai,Powai,positive,False,real,334,58,27,135
"The Houseboat was truly fabulous. A great location, less than 10 minutes walk from Rembrandt Square. The boat is warm, spacious, has a good shower and was so much better than a hotel room.<br/>Derk was an excellent host, waiting up for us despite our very late arrival. He was always contactable but left us to ourselves.<br/>We would highly recommend staying with Derk and we are sure we will do so again in the future.","The Pune was truly fabulous. A great location, less than 10 minutes walk from Rembrandt Square. The boat is warm, spacious, has a good shower and was so much better than a hotel room.<br/>Isha was an excellent host, waiting up for us despite our very late arrival. He was always contactable but left us to ourselves.<br/>We would highly recommend staying with Isha and we are sure we will do so again in the future.","Aundh mein Isha ka stay mast tha, bhai 🙌, metro ke paas, colony ke andar, budget ke hisaab se sahi hai, ekdum recommend karta hoon 😊.",Isha,Pune,Aundh,positive,False,real,422,76,26,133
Location and setting truly can't be beat. Had a great stay!,Location and setting truly can't be beat. Had a great stay!,"Madhapur mein Isha ke hotel mein mazaa aa gaya, metro ke paas aur colony ke andar, budget ke hisaab se ekdum sahi hai yaar 🙌",Isha,Hyderabad,Madhapur,positive,False,real,59,11,25,124
Very professional operation. Room is very clean and comfortable. Location is close to tram or bus which take you to most of attractions. A great and helpful host who want to ensure you enjoy your stay.  ,Very professional operation. Room is very clean and comfortable. Location is close to tram or bus which take you to most of attractions. A great and helpful host who want to ensure you enjoy your stay.  ,"Colaba mein Meera ki place mast tha 🌟, budget ke hisaab se ekdum sahi hai, metro ke paas aur colony ke andar, yaar! 🙌",Meera,Mumbai,Colaba,positive,False,real,203,36,24,117
Area was very far from everything. Misleading location on listing.,Area was very far from everything. Misleading location on listing.,"Vaishali Nagar mein bekar location, dobara nahi jaaunga. Jaipur ka stay kharab tha, waste of time.",Arjun,Jaipur,Vaishali Nagar,negative,False,synthetic,66,10,16,98
"Location is Perfect with-in walking distance of Vondelpark, Van Gogh Museum, Heineken museum, Dam square, Waterlooplein market and of course Jordaan’s charming lanes.  (hire a bike from around the corner, travel one side of the city to the other in minutes!) <br/>Every corner you turn has something to offer. <br/>The boat is moored on a quite, peaceful, picturesque canal. Cafe, restaurants, bars, supermarket and shops all minutes away.<br/>Derk is such a nice guy, he was extremely helpful and is so laid back. His home is yours and you feel very welcome.<br/>The boat is charming, clean and comfortable (we got a choice of boats, which ever suited us best!)  Instant running hot water, wifi, cooker the lot all you need for a comfy stay.<br/>We took our 2.5yr old with us and she felt she was in a fairytale, sleeping on a boat, she got up each morning to feed the swans and ducks from the boat, and then later swam naked with all the other toddlers in Vondelpark fountains.<br/>We left planing our next stay, so I really can not recommend this holiday anymore, it was perfect. If you want a unique, unforgettable experience then go for this boat. ","Location is Perfect with-in walking distance of Chennai, Van Gogh Museum, Heineken museum, Dam square, Waterlooplein market and of course Jordaan’s charming lanes.  (hire a bike from around the corner, travel one side of the city to the other in minutes!) <br/>Every corner you turn has something to offer. <br/>The boat is moored on a quite, peaceful, picturesque canal. Cafe, restaurants, bars, supermarket and shops all minutes away.<br/>Manish is such a nice guy, he was extremely helpful and is so laid back. His home is yours and you feel very welcome.<br/>The boat is charming, clean and comfortable (we got a choice of boats, which ever suited us best!)  Instant running hot water, wifi, cooker the lot all you need for a comfy stay.<br/>We took our 2.5yr old with us and she felt she was in a fairytale, sleeping on a boat, she got up each morning to feed the swans and ducks from the boat, and then later swam naked with all the other toddlers in Chennai fountains.<br/>We left planing our next stay, so I really can not recommend this holiday anymore, it was perfect. If you want a unique, unforgettable experience then go for this boat. ","Anna Nagar mein, metro ke paas, colony ke andar, budget ke hisaab se, yeh stay ekdum mast tha yaar 🚣‍♀️. Manish bhai bahut helpful hai, sahi hai!",Manish,Chennai,Anna Nagar,positive,False,real,1159,201,27,145
"It has been amazing to spend a week end in Amsterdam sleeping on a houseboat: a unique experience! <br/>The place is very nice and cosy, the host very kind and always availlable for anything you need. <br/>The boat is really in the heart of the city, a very pretty neighbourhood full of restaurants, bars and shops. Also, the Metro station makes very easy to reach the Central Station and the Airport.<br/>I will definitely come back!!","It has been amazing to spend a week end in Jaipur sleeping on a Jaipur: a unique experience! <br/>The place is very nice and cosy, the host very kind and always availlable for anything you need. <br/>The boat is really in the heart of the city, a very pretty neighbourhood full of restaurants, bars and shops. Also, the Metro station makes very easy to reach the Central Station and the Airport.<br/>I will definitely come back!!","Mansarovar mein Sneha ki place ekdum mast hai, metro ke paas aur colony ke andar, budget ke hisaab se bilkul sahi hai, yaar 🌟",Sneha,Jaipur,Mansarovar,positive,False,real,438,76,24,125
We had a lovely weekend on the house boat and Derk is very easy going and helpful. <br/>Very authentic and cosy boat. Highly recommend. Enjoy.,We had a lovely weekend on the house boat and Priya is very easy going and helpful. <br/>Very authentic and cosy boat. Highly recommend. Enjoy.,"Koramangala mein, Priya ki hotel colony ke andar hai, metro ke paas, bilkul thik, budget ke hisaab se mast stay tha yaar 🙌",Priya,Bangalore,Koramangala,positive,False,real,142,25,23,122
"Room was decent, wifi worked fine, but the area felt unsafe at night.","Room was decent, wifi worked fine, but the area felt unsafe at night.","Indiranagar mein stay average laga, room theek tha, wifi bhi fine tha, lekin raat ko area kuch khaas safe nahi mehsoos hua, chalega types.",Swati,Bangalore,Indiranagar,neutral,True,synthetic,69,13,24,138
"Daniel was an exceptional host!  I was primarily happy because of the following 3 characteristics:<br/><br/>1) Friendliness and knowledgeability of the host -- Along with my reservation I received very carefully laid out instructions to arrive at Daniel's doorstep and he was right there waiting for me when and where he said he would be.  One evening Daniel invited me to drink a beer with him and he shared his personal story about arriving in Amsterdam years ago and what attracted him to the city.  We also spent time talking about the culture of Holland and how its position as a trading port influenced the ideals of the city.  Daniel had good recommendations for how and when to see various tourist spots and had some alternative recommendations (local pools, bibliotech (library), etc...).<br/><br/>2) Cleanliness of the place -- Daniel's apartment is spotless.  The particular room was very well cared-for and had all of the accessories needed.<br/><br/>3) All the ""little extras"" -- Daniel opened a fresh pair of slippers for me upon arrival.  He also had a nicely laid out tea/coffee set in the room, 3 different tour books about Amsterdam which helped me plan my days, a plastic map which I could carry throughout the adventures, a bicycle available to rent, matching set of shampoo/conditioner/lotion in the bathroom, etc...  an adapter for my US plugs.  Everything was well thought-out and Daniel gave a lot of attention to make sure that the visit was superb.","Riya was an exceptional host!  I was primarily happy because of the following 3 characteristics:<br/><br/>1) Friendliness and knowledgeability of the host -- Along with my reservation I received very carefully laid out instructions to arrive at Riya's doorstep and he was right there waiting for me when and where he said he would be.  One evening Riya invited me to drink a beer with him and he shared his personal story about arriving in Chennai years ago and what attracted him to the city.  We also spent time talking about the culture of Chennai and how its position as a trading port influenced the ideals of the city.  Riya had good recommendations for how and when to see various tourist spots and had some alternative recommendations (local pools, bibliotech (library), etc...).<br/><br/>2) Cleanliness of the place -- Riya's apartment is spotless.  The particular room was very well cared-for and had all of the accessories needed.<br/><br/>3) All the ""little extras"" -- Riya opened a fresh pair of slippers for me upon arrival.  He also had a nicely laid out tea/coffee set in the room, 3 different tour books about Chennai which helped me plan my days, a plastic map which I could carry throughout the adventures, a bicycle available to rent, matching set of shampoo/conditioner/lotion in the bathroom, etc...  an adapter for my US plugs.  Everything was well thought-out and Riya gave a lot of attention to make sure that the visit was superb.","Riya ka hostel Anna Nagar mein, metro ke paas, colony ke andar, ekdam mast location hai, overall acha experience tha, budget ke hisaab se bilkul sahi hai 🙌",Riya,Chennai,Anna Nagar,positive,False,real,1480,248,28,155
Stay was manageable. Nothing to rave about but no serious issues.,Stay was manageable. Nothing to rave about but no serious issues.,"T. Nagar mein stay theek tha, average laga, kuch khaas nahi.",Aarav,Chennai,T. Nagar,neutral,True,synthetic,65,11,11,60
Daniel's place was great! We got so much relaxing in. We loved staying there are really appreciated his great hospitality! He gave us great tips on getting around etc. I would recommend his place to anyone traveling to Amsterdam.,Aditya's place was great! We got so much relaxing in. We loved staying there are really appreciated his great hospitality! He gave us great tips on getting around etc. I would recommend his place to anyone traveling to Mumbai.,"Aditya ka place Powai mein metro ke paas, colony ke andar, acha hai yaar, budget ke hisaab se ekdum sahi hai 🙌",Aditya,Mumbai,Powai,positive,False,real,229,39,22,110
"Daniel was great. He couldn.t do enough for us. He has gone to a lot of trouble and added every little touch to his apartment. He can speak 5 languages so that should not be a problem for anyone.<br/>The accomation had everything we needed and was very convienient to the bus and tram.","Divya was great. He couldn.t do enough for us. He has gone to a lot of trouble and added every little touch to his apartment. He can speak 5 languages so that should not be a problem for anyone.<br/>The accomation had everything we needed and was very convienient to the bus and tram.","Divya ekdum great host hai, Karol Bagh mein metro ke paas apna apartment bilkul thik hai 🏠💯. Bhai, budget ke hisaab se mast facilities milte hain, sahi hai! 😊",Divya,Delhi,Karol Bagh,positive,False,real,286,54,29,158
"Daniel is a terrific host, like one of the other people stated Danile provided me with great maps and recommendations. I would stay with Daniel again anytime. ","Arjun is a terrific host, like one of the other people stated Danile provided me with great maps and recommendations. I would stay with Arjun again anytime. ","Arjun ekdum sahi host hai, C-Scheme mein metro ke paas colony ke andar, mast location bhai 🙌, price thoda high laga 😐",Arjun,Jaipur,C-Scheme,positive,True,real,159,27,22,117
AC was not working and no one came to fix it despite multiple requests.,AC was not working and no one came to fix it despite multiple requests.,"Baner mein Swati ka stay bekar tha, AC kharab tha aur koi bhi repair karne nahi aaya, waste experience.",Swati,Pune,Baner,negative,False,synthetic,71,14,19,103
"Daniel was an exeptional host!! We only had a short stay in Amsterdam but Daniel was extremely helpful as he had all the local transport timetables mapped out and ready for us to use. His place was very clean and comfortable. Daniel was incredibly accommodating on our last day in Amsterdam. Our flight wasn't till the evening and he was kind enough to let us leave our luggage for the day and return to pick them up before our flight. TOTALLY, TOTALLY, TOTALLY recommend Daniel's place next time you visit Amsterdam.","Vikram was an exeptional host!! We only had a short stay in Delhi but Vikram was extremely helpful as he had all the local transport timetables mapped out and ready for us to use. His place was very clean and comfortable. Vikram was incredibly accommodating on our last day in Delhi. Our flight wasn't till the evening and he was kind enough to let us leave our luggage for the day and return to pick them up before our flight. TOTALLY, TOTALLY, TOTALLY recommend Vikram's place next time you visit Delhi.","Vikram ekdum sahi host hai, bhai 🙌. Connaught Place mein, metro ke paas, budget ke hisaab se mast location. Yaar, definitely recommend karta hoon 💯",Vikram,Delhi,Connaught Place,positive,False,real,517,91,25,147
Bed sheets were not clean. The place looked nothing like the photos.,Bed sheets were not clean. The place looked nothing like the photos.,"""C-Scheme mein Riya ka stay bekara tha, bed sheets ganda aur photos se bilkul alag. Waste of money, nahi chalega.""",Riya,Jaipur,C-Scheme,negative,False,synthetic,68,12,20,114
"A wonderful place to stay in Amsterdam. We enjoyed the location, quiet but so close to many nice areas to wonder in and eat at. We had a great time and enjoyed relaxing on the boat!","A wonderful place to stay in Jaipur. We enjoyed the location, quiet but so close to many nice areas to wonder in and eat at. We had a great time and enjoyed relaxing on the boat!","Mansarovar mein mast tha, Neha ka hostel metro ke paas, colony ke andar, budget ke hisaab se ekdum sahi hai 🌟",Neha,Jaipur,Mansarovar,positive,False,real,181,36,21,109
Decent stay overall but the noise from street was bothersome.,Decent stay overall but the noise from street was bothersome.,"Juhu mein Aditya ka stay theek tha, lekin street ka shor kuch ajeeb tha, chalega ek baar. Mumbai ka yeh stay average tha, kuch khaas nahi.",Aditya,Mumbai,Juhu,neutral,True,synthetic,61,10,26,138
"Dirty kitchen, no utensils, terrible stay overall.","Dirty kitchen, no utensils, terrible stay overall.","Viman Nagar mein Rahul ka stay bilkul bakwaas tha, kitchen ganda aur bekar utensils nahi mila, waste experience overall nahi chalega.",Rahul,Pune,Viman Nagar,negative,False,synthetic,50,7,21,133
"We spent 3 nights on this unique houseboat.  It has a great location (we did all museums, canal exploring, central Amsterdam ... on foot) and it is very tranquil.  The boat is very comfortable and well-equipped for self-catering. There are food shops, cafés,<br/>restaurants nearby.  We highly recommend it as part of the Amsterdam experience!  ","We spent 3 nights on this unique Jaipur.  It has a great location (we did all museums, canal exploring, central Jaipur ... on foot) and it is very tranquil.  The boat is very comfortable and well-equipped for self-catering. There are food shops, cafés,<br/>restaurants nearby.  We highly recommend it as part of the Jaipur experience!  ","Vaishali Nagar mein Karan ka stay ekdum sahi hai, metro ke paas, colony ke andar, budget ke hisaab se mast! 🌟 Yaar, highly recommended!",Karan,Jaipur,Vaishali Nagar,positive,False,real,346,55,24,135
"We spent two nights at Daniel's and very much enjoyed it. Early on, he e-mailed very explicit directions on how to reach his home and upon reaching there, he had maps and travel guides handy and was available to answer any questions. The room was quiet, comfortable, and meticulous. His place is a bit out of the central area of Amsterdam, but is easily accessible by tram. It was also nice to be away from the crowds and in a local neighborhood. We would thoroughly recommend his place and would stay again when in the area!","We spent two nights at Rohan's and very much enjoyed it. Early on, he e-mailed very explicit directions on how to reach his home and upon reaching there, he had maps and travel guides handy and was available to answer any questions. The room was quiet, comfortable, and meticulous. His place is a bit out of the central area of Pune, but is easily accessible by tram. It was also nice to be away from the crowds and in a local neighborhood. We would thoroughly recommend his place and would stay again when in the area!","Rohan ke ghar mein stay karna ekdum mast experience tha yaar 🙌. Viman Nagar mein, metro ke paas, budget ke hisaab se sahi hai, bilkul comfortable room mila.",Rohan,Pune,Viman Nagar,positive,False,real,525,96,28,156
"It's the perfect place: clean, safe, noiseless, with a perfect owner.  Moreover with the hash from Island, we were stucked in amstedam and daniel help us a lot. So thanks you Daniel. If you have to come to Amsterdam, choose the Daniel's place and you will enjoy your holidays.","It's the perfect place: clean, safe, noiseless, with a perfect owner.  Moreover with the hash from Island, we were stucked in amstedam and daniel help us a lot. So thanks you Karan. If you have to come to Pune, choose the Karan's place and you will enjoy your holidays.","Viman Nagar mein Karan ka place ekdum mast hai yaar, metro ke paas, colony ke andar, budget ke hisaab se sahi hai, mazaa aa gaya 🙌",Karan,Pune,Viman Nagar,positive,False,real,276,49,26,130
Fine for budget travelers. Don't expect luxury.,Fine for budget travelers. Don't expect luxury.,"Kothrud mein Aarav ka stay theek tha, budget travelers ke liye bas theek theek chalega, kuch khaas nahi.",Aarav,Pune,Kothrud,neutral,True,synthetic,47,7,18,104
"Daniel is a great host. He is a very sweet and courteous person and he seems to truly enjoy hosting guests. His apartment is very tidy and clean and it's not often that you come across such a clean and well organized place (you would have to go 4 stars or higher!). He provides everything the guests could think of (or at least that I can think of): bikes, towels, shampoo, conditioner, shower cap, different maps, guides etc. and he will always be of service when information or recommendations are needed. Daniel is very easy to deal with and it was a pleasure to stay with him.<br/>Thank you Daniel.","Meera is a great host. He is a very sweet and courteous person and he seems to truly enjoy hosting guests. His apartment is very tidy and clean and it's not often that you come across such a clean and well organized place (you would have to go 4 stars or higher!). He provides everything the guests could think of (or at least that I can think of): bikes, towels, shampoo, conditioner, shower cap, different maps, guides etc. and he will always be of service when information or recommendations are needed. Meera is very easy to deal with and it was a pleasure to stay with him.<br/>Thank you Meera.","Meera ekdum sahi host hai yaar, Saket mein uska apartment metro ke paas colony ke andar hai, budget ke hisaab se sahi tha 🙌",Meera,Delhi,Saket,positive,False,real,603,110,24,123
Parking was not available even though it was promised.,Parking was not available even though it was promised.,"Jubilee Hills mein Swati ka stay bekar tha, parking nahi mila jo ki promised tha, kharab experience hua.",Swati,Hyderabad,Jubilee Hills,negative,False,synthetic,54,9,18,104
"Daniel was a fantastic host. His place is calm and clean, and he provided so much information on how to enjoy the amazing city of Amsterdam. Should I return to the city, his place will be my first choice! ","Rohan was a fantastic host. His place is calm and clean, and he provided so much information on how to enjoy the amazing city of Delhi. Should I return to the city, his place will be my first choice! ","Rohan ka hostel Karol Bagh mein metro ke paas, colony ke andar, budget ke hisaab se ekdum sahi hai, yaar 🙌, mast tha! 😊",Rohan,Delhi,Karol Bagh,positive,False,real,205,39,24,119
"Average experience. Some positives, some negatives, overall neutral.","Average experience. Some positives, some negatives, overall neutral.","""HSR Layout mein stay theek tha, kuch khaas nahi, average experience hai, chalega.""",Manish,Bangalore,HSR Layout,neutral,True,synthetic,68,8,13,83
Great communication by Derk he was quick to respond with any inquiries. The houseboat was really quite large with plenty of room. The bed is very comfortable. The location is very close to the museums however you are a tram ride to the station and some of the main areas of Amsterdam. However their are several tram stops just minutes away from the place.  Highly recommended. ,Great communication by Ankit he was quick to respond with any inquiries. The Mumbai was really quite large with plenty of room. The bed is very comfortable. The location is very close to the museums however you are a tram ride to the station and some of the main areas of Mumbai. However their are several tram stops just minutes away from the place.  Highly recommended. ,"Colaba mein Ankit ka hotel ekdum mast hai, yaar 🙌. Metro ke paas aur colony ke andar, budget ke hisaab se sahi hai, aur mazaa aa gaya 🌟. Highly recommended, bilkul! 😊",Ankit,Mumbai,Colaba,positive,False,real,377,66,32,166
"Wonderful place to stay in the very center of Amsterdam, the house boat is just perfect, cosy and well equiped. You can see the Hermitage Museum and the City hall from the window. We were here in January so we couldn't really enjoy the roof top, it is surely very pleasant in summer time. Daan was very kind and help us with the car, gave us good advice and tips about the city. He was always availlable to help. Thanx a lot truly for these fews days in Amsterdam, on a Houseboat !","Wonderful place to stay in the very center of Jaipur, the house boat is just perfect, cosy and well equiped. You can see the Hermitage Museum and the City hall from the window. We were here in January so we couldn't really enjoy the roof top, it is surely very pleasant in summer time. Aditya was very kind and help us with the car, gave us good advice and tips about the city. He was always availlable to help. Thanx a lot truly for these fews days in Jaipur, on a Jaipur !","C-Scheme mein stay karna ekdum sahi tha, bhai 🙌. Aditya ka ghar colony ke andar, metro ke paas, budget ke hisaab se ekdum perfect hai 😊.",Aditya,Jaipur,C-Scheme,positive,False,real,481,93,26,136
Good location but the room was smaller than expected.,Good location but the room was smaller than expected.,"Hinjewadi mein location theek tha, lekin room kuch khaas nahi tha, chalega ek baar. Pune ka stay average tha, okay okay.",Rahul,Pune,Hinjewadi,neutral,True,synthetic,53,9,21,120
"This houseboat is the perfect place to stay in Amsterdam. Very quiet and peaceful and close to the city center. The houseboat in itself is as stated: very spacious, well furnished and comfortable. Derk was great as a host. At check-in, we came very early in the morning to leave our luggage and did the same at check-out....very convenient. <br/>Cécile ","This Hyderabad is the perfect place to stay in Hyderabad. Very quiet and peaceful and close to the city center. The Hyderabad in itself is as stated: very spacious, well furnished and comfortable. Swati was great as a host. At check-in, we came very early in the morning to leave our luggage and did the same at check-out....very convenient. <br/>Cécile ","Yaar, Banjara Hills mein stay karna ekdum acha hai, metro ke paas aur colony ke andar, budget ke hisaab se sahi hai 🙌",Swati,Hyderabad,Banjara Hills,positive,False,real,354,60,23,117
"Fantastic! location, comfort, privacy, freedom... all under one boat roof. Daan is an excellent host - all you could ask for. really. What you see is what you get and doesn't it look awesome?","Fantastic! location, comfort, privacy, freedom... all under one boat roof. Ankit is an excellent host - all you could ask for. really. What you see is what you get and doesn't it look awesome?","Aundh mein Ankit ka stay ekdum mast, budget ke hisaab se sahi hai 🤩. Colony ke andar, metro ke paas, overall acha experience yaar.",Ankit,Pune,Aundh,positive,False,real,191,34,24,130
"If you want the authentic Amsterdam houseboat experience, this is it!  It is a great boat, located on a quiet canal with a view of the Rijksmuseum towers.  Spotlessly clean, comfortable bed, hot shower, good wifi signal, nice kitchen with fridge, cofee maker, and stove for cooking meals.  The location is very accessible to museums, gym bar and bakery on the corner, nine streets area with lots of resaraunts and bars and jazz clubs, Vondelpark, shopping on Utrechtstraat, and all of the sites of central Amsterdam.  <br/><br/>Now for the special part: If you are at all interested in boats and maritime history, this one is a great find.  The cabin where guests stay is actually the cargo hold within the original hull of a freight boat that once hauled goods all over Holland.  (Just imagine the countless tons of cargo that came in and out of the place where you are sleeping!)  And yet the interior beautifully and comfortably remodeled using new and salvaged materials including a number of hatches that serve as skylights.  The original steerhouse is still intact, along with the original one-cylinder engine down below.  But the highlight is the captain's quarters where the family who owned and operated the boat lived during the 1920s (not open for guests to sleep in, yet).  Stepping down into the quarters, complete with original cabinets and cookstove, feels like traveling back in time.  The host cares a lot about preserving the historical character of his boat, because most other boats like it have long since gone to the scrapyard.  He showed us fascinating photographs of the original owners who lived on the boat when it plied the canals nearly 100 years ago.  <br/><br/>There are many houseboats in Amsterdam.  A lot of them are glorified trailer houses on flat barges.  This one is a gem.","If you want the authentic Mumbai Mumbai experience, this is it!  It is a great boat, located on a quiet canal with a view of the Mumbai towers.  Spotlessly clean, comfortable bed, hot shower, good wifi signal, nice kitchen with fridge, cofee maker, and stove for cooking meals.  The location is very accessible to museums, gym bar and bakery on the corner, nine streets area with lots of resaraunts and bars and jazz clubs, Mumbai, shopping on Mumbai, and all of the sites of central Mumbai.  <br/><br/>Now for the special part: If you are at all interested in boats and maritime history, this one is a great find.  The cabin where guests stay is actually the cargo hold within the original hull of a freight boat that once hauled goods all over Mumbai.  (Just imagine the countless tons of cargo that came in and out of the place where you are sleeping!)  And yet the interior beautifully and comfortably remodeled using new and salvaged materials including a number of hatches that serve as skylights.  The original steerhouse is still intact, along with the original one-cylinder engine down below.  But the highlight is the captain's quarters where the family who owned and operated the boat lived during the 1920s (not open for guests to sleep in, yet).  Stepping down into the quarters, complete with original cabinets and cookstove, feels like traveling back in time.  The host cares a lot about preserving the historical character of his boat, because most other boats like it have long since gone to the scrapyard.  He showed us fascinating photographs of the original owners who lived on the boat when it plied the canals nearly 100 years ago.  <br/><br/>There are many houseboats in Mumbai.  A lot of them are glorified trailer houses on flat barges.  This one is a gem.","Andheri mein, metro ke paas, ekdum mast stay tha yaar 🚣‍♀️. Mazaa aa gaya, budget ke hisaab se sahi hai, colony ke andar quiet aur clean 😊.",Manish,Mumbai,Andheri,positive,False,real,1814,306,27,139
"Our stay with Daniel was truly one of the highlights of mine and my partner's whirlwind European tour. Not only was the room smashingly decorated (a great example of modern Dutch living), spotlessly clean and serenely comfortable {think Zen), but having Daniel as a point of reference was our key to discovering the city. From the get-go he freely offered advice whenever we had questions about where to go or what to do in Amsterdam. <br/><br/>The room is located at quite a distance from the heart of the city, but we didn't find this hindering. We were able to get to the center in a snap with the two bikes Daniel has available for a minimal charge or via any of the train or bus stops located within a stones throw of his front door. There are plenty of restaurants, cafes and groceries in the area. And staying here is also a great way to see how the locals are living.<br/><br/>I would recommend Daniel's residence to anyone looking for a smart, affordable alternative to hotels or hostels. As a gay couple especially we found him extremely welcoming. <br/><br/>P.S. You can check my YouTube page for videos of our stay in Amsterdam, which includes a peek into the room: (Website hidden by Airbnb)","Our stay with Priya was truly one of the highlights of mine and my partner's whirlwind European tour. Not only was the room smashingly decorated (a great example of modern Bangalore living), spotlessly clean and serenely comfortable {think Zen), but having Priya as a point of reference was our key to discovering the city. From the get-go he freely offered advice whenever we had questions about where to go or what to do in Bangalore. <br/><br/>The room is located at quite a distance from the heart of the city, but we didn't find this hindering. We were able to get to the center in a snap with the two bikes Priya has available for a minimal charge or via any of the train or bus stops located within a stones throw of his front door. There are plenty of restaurants, cafes and groceries in the area. And staying here is also a great way to see how the locals are living.<br/><br/>I would recommend Priya's residence to anyone looking for a smart, affordable alternative to hotels or hostels. As a gay couple especially we found him extremely welcoming. <br/><br/>P.S. You can check my YouTube page for videos of our stay in Bangalore, which includes a peek into the room: (Website hidden by Airbnb)","Priya ke saath stay ekdum sahi hai, Jayanagar mein metro ke paas, colony ke andar, budget ke hisaab se mast! 👍",Priya,Bangalore,Jayanagar,positive,False,real,1210,216,21,110
"We had a lovely time in Derks houseboat in Amsterdam, great location, fantastic (and exotic!) accomodation and Derk is a lovely guy who is very helpful and friendly. Would recommend 100%<br/>Thanks Derk! See you next time.","We had a lovely time in Derks Mumbai in Mumbai, great location, fantastic (and exotic!) accomodation and Isha is a lovely guy who is very helpful and friendly. Would recommend 100%<br/>Thanks Isha! See you next time.","Colaba mein thik tha, Isha ka hotel mast, metro ke paas, budget ke hisaab se sahi hai yaar 🙌",Isha,Mumbai,Colaba,positive,False,real,223,37,19,92
"Unique and luxurious to be sure. I couldn't recommend staying with Derk any more highly.<br/><br/>Coolest thing first: We showed up to Derk's and he actually had three houseboats in a row, and offered to show up the one we saw on the site and another, and let us choose our favorite to stay in!  We had an incredible boat with wired internet, a comfortable bed and a very comfortable futon, TV, speakers, hot water, a shower, washer/dryer.  I couldn't believe I was on a boat.  Plus the charm of being on one was fantastic, and the views out onto the canal were fantastic.  It rained one morning and was such a beautiful way to wake up.<br/><br/>In addition, Derk was really communicative, responded to our last minute (day before!) request for a reservation quite casually, and met us right at the boat.  He even had a few cold beers in the fridge for us, and was really great explaining the area.<br/><br/>Would recommend!","Unique and luxurious to be sure. I couldn't recommend staying with Priya any more highly.<br/><br/>Coolest thing first: We showed up to Priya's and he actually had three houseboats in a row, and offered to show up the one we saw on the site and another, and let us choose our favorite to stay in!  We had an incredible boat with wired internet, a comfortable bed and a very comfortable futon, TV, speakers, hot water, a shower, washer/dryer.  I couldn't believe I was on a boat.  Plus the charm of being on one was fantastic, and the views out onto the canal were fantastic.  It rained one morning and was such a beautiful way to wake up.<br/><br/>In addition, Priya was really communicative, responded to our last minute (day before!) request for a reservation quite casually, and met us right at the boat.  He even had a few cold beers in the fridge for us, and was really great explaining the area.<br/><br/>Would recommend!","Priya ke saath stay karna ekdum acha tha, Anna Nagar mein, metro ke paas, colony ke andar, budget ke hisaab se bilkul sahi tha 🌟",Priya,Chennai,Anna Nagar,positive,False,real,930,167,25,128
"We had a fantastic stay on the houseboat, even though it was freezing March weather and the ducks were skating on the frozen canal, the boat was very warm and comfortable. The location is perfect, central, but quiet and Derk even arranged tickets to the opera for us - a real bonus and our best night of the trip - thanks Derk, we will definitely be back to experience the boat and Amsterdam in the warmer weather :)","We had a fantastic stay on the Chennai, even though it was freezing March weather and the ducks were skating on the frozen canal, the boat was very warm and comfortable. The location is perfect, central, but quiet and Divya even arranged tickets to the opera for us - a real bonus and our best night of the trip - thanks Divya, we will definitely be back to experience the boat and Chennai in the warmer weather :)","Anna Nagar mein stay mast tha, yaar 🌟. Metro ke paas, colony ke andar, budget ke hisaab se ekdum sahi hai, bhai 😊.",Divya,Chennai,Anna Nagar,positive,False,real,416,78,23,114
Check-in was smooth but the room had a few maintenance issues.,Check-in was smooth but the room had a few maintenance issues.,"Colaba mein Ankit ka stay average tha, check-in smooth hai but room mein kuch maintenance issues the, theek tha chalega.",Ankit,Mumbai,Colaba,neutral,True,synthetic,62,11,20,120
Stay was alright. Bed was comfortable but no hot water in morning.,Stay was alright. Bed was comfortable but no hot water in morning.,"Pune ka stay theek tha, Viman Nagar mein Riya ka hotel average tha, kuch khaas nahi, chalega.",Riya,Pune,Viman Nagar,neutral,True,synthetic,66,12,17,93
"Very small room, nothing like the listing. Felt cheated.","Very small room, nothing like the listing. Felt cheated.","Colaba mein ye stay bekar tha, room bahut chhota, listing se bilkul alag, pasand nahi aaya, waste of money.",Rahul,Mumbai,Colaba,negative,False,synthetic,56,9,19,107
The place was clean but a bit too basic. Expected more for the cost.,The place was clean but a bit too basic. Expected more for the cost.,"Kothrud mein Vikram ka stay average tha, theek tha, lekin kuch khaas nahi, bas theek theek chalega. Pune ka stay ke liye okay okay hai.",Vikram,Pune,Kothrud,neutral,True,synthetic,68,14,25,135
Stay was fine overall. Some things could be improved like the bathroom.,Stay was fine overall. Some things could be improved like the bathroom.,"Kondapur mein Rahul ka stay average tha, bas theek theek, bathroom mein kuch improvement chahiye.",Rahul,Hyderabad,Kondapur,neutral,True,synthetic,71,12,15,97
The location is perfect and the boat is perfect. Derk is really helpful and friendly. We enjoyed our stay in Amsterdam. ,The location is perfect and the boat is perfect. Aarav is really helpful and friendly. We enjoyed our stay in Hyderabad. ,"Gachibowli mein Aarav ka hotel ekdum mast, bhai! 🌟 Metro ke paas, colony ke andar, budget ke hisaab se sahi hai, yaar. Overall acha experience, lekin parking nahi thi 😐",Aarav,Hyderabad,Gachibowli,positive,True,real,120,21,30,168
"Derk's houseboat is the absolute best place to stay in Amsterdam. There's no better way to experience the city than by staying on the end of a quiet canal in a great area, surrounded by restaurants and walking distance to the museums. The houseboat is spacious and comes with all the comforts of home with the added addition of being able to sit up on deck and take in the canal life. Derk was a great host, going over the quirks of the accommodations and surrounding area with us. Can't wait to come back to Amsterdam and stay here again.","Divya's Bangalore is the absolute best place to stay in Bangalore. There's no better way to experience the city than by staying on the end of a quiet canal in a great area, surrounded by restaurants and walking distance to the museums. The Bangalore is spacious and comes with all the comforts of home with the added addition of being able to sit up on deck and take in the canal life. Divya was a great host, going over the quirks of the accommodations and surrounding area with us. Can't wait to come back to Bangalore and stay here again.","Divya ki place Jayanagar mein, metro ke paas, colony ke andar, budget ke hisaab se ekdum acha hai, yaar 🙌, geyser slow tha 😐",Divya,Bangalore,Jayanagar,positive,True,real,539,100,24,124
Overpriced for the quality. Total waste of money.,Overpriced for the quality. Total waste of money.,"Indiranagar mein Priya ka stay bekar tha, waste of money tha, total bakwaas.",Priya,Bangalore,Indiranagar,negative,False,synthetic,49,8,13,76
"We stayed on Derk's boat for a long weekend in Amsterdam. It was great! Sadly we didn't meet Derk, as he was on holiday, so we didn't get to learn the history of the boat as some other guests have. But he left us in good hands with a friend, who met us at the boat to give us the keys and show us around. Rain on the boat's roof is the most soothing thing at nighttime... slept like a baby!!! ","We stayed on Swati's boat for a long weekend in Delhi. It was great! Sadly we didn't meet Swati, as he was on holiday, so we didn't get to learn the history of the boat as some other guests have. But he left us in good hands with a friend, who met us at the boat to give us the keys and show us around. Rain on the boat's roof is the most soothing thing at nighttime... slept like a baby!!! ","""Saket mein Swati ki place sahi tha, metro ke paas hai 🚂, budget ke hisaab se ekdum mast! 😊""",Swati,Delhi,Saket,positive,False,real,393,81,19,92
Okay for a one-night stay. Would look for better options next time.,Okay for a one-night stay. Would look for better options next time.,"Lajpat Nagar mein yeh stay average laga, theek tha for one night, but next time kuch better options dekhoonga.",Kavya,Delhi,Lajpat Nagar,neutral,True,synthetic,67,12,19,110
Daniel was a fantastic host and we would absolutely stay again with him. Everything was as advertised and you can easily get anywhere from his apartment. ,Siddharth was a fantastic host and we would absolutely stay again with him. Everything was as advertised and you can easily get anywhere from his apartment. ,"Yaar, Siddharth ka hostel Powai mein metro ke paas colony ke andar, budget ke hisaab se ekdum sahi hai, mast tha 🤩",Siddharth,Mumbai,Powai,positive,False,real,154,26,22,114
